Date,Sentiment
2020/1/1,0.050395652
2020/1/2,-0.175133333
2020/1/3,-0.11785
2020/1/4,-0.036291667
2020/1/5,-0.0018625
2020/1/6,-0.007273684
2020/1/7,-0.119961538
2020/1/8,0.000253846
2020/1/9,-0.017278125
2020/1/10,0.10351875
2020/1/11,-0.083123077
2020/1/12,0.066816667
2020/1/13,0.2375375
2020/1/14,0.051671429
2020/1/15,0
2020/1/16,-0.057614286
2020/1/17,-0.040365
2020/1/18,0.28045
2020/1/19,0.20395
2020/1/20,0.162590625
2020/1/21,-0.024809375
2020/1/22,-0.071158065
2020/1/23,0.011276471
2020/1/24,0.061022581
2020/1/25,0.0243
2020/1/26,0
2020/1/27,-0.065625
2020/1/28,0.07335
2020/1/29,-0.0462
2020/1/30,0.049945833
2020/1/31,-0.080104545
2020/2/1,0.038425
2020/2/2,0.144175
2020/2/3,0.023075
2020/2/4,-0.081775
2020/2/5,-0.005
2020/2/6,-0.027945
2020/2/7,-0.04898
2020/2/8,-0.29461
2020/2/9,0.212975
2020/2/10,0.055121429
2020/2/11,-0.056527273
2020/2/12,-0.06886
2020/2/13,-0.06146
2020/2/14,0.024038095
2020/2/15,0.1468
2020/2/16,0
2020/2/17,0.226
2020/2/18,-0.0742
2020/2/19,0.03151
2020/2/20,0.0846
2020/2/21,0.13897
2020/2/22,-0.126108333
2020/2/23,-0.168266667
2020/2/24,0.2959
2020/2/25,0.183566667
2020/2/26,0.09665
2020/2/27,0.170881818
2020/2/28,-0.066271429
2020/2/29,0.0544
2020/3/1,0.17646
2020/3/2,-0.049190909
2020/3/3,0.133083333
2020/3/4,0.113433333
2020/3/5,-0.119075
2020/3/6,-0.1319875
2020/3/8,0.224866667
2020/3/9,0.07722
2020/3/10,-0.046028571
2020/3/11,-0.169676923
2020/3/12,-0.0328
2020/3/13,0.073077778
2020/3/14,-0.072363636
2020/3/15,-0.0386
2020/3/16,-0.090458333
2020/3/17,0.0259
2020/3/18,0.150573333
2020/3/19,0.00838125
2020/3/20,0.021942857
2020/3/21,0.24576
2020/3/22,0.3119
2020/3/23,0.177525
2020/3/24,0.1129125
2020/3/25,-0.14898
2020/3/26,-0.061935714
2020/3/27,0.122766667
2020/3/28,0.0207
2020/3/29,0.1947
2020/3/30,0.036365217
2020/3/31,-0.088856522
2020/4/1,-0.050228571
2020/4/2,-0.014644444
2020/4/3,-0.076753333
2020/4/4,0.08944
2020/4/5,0.057661538
2020/4/6,0.208216667
2020/4/7,0.29868
2020/4/8,0.138566667
2020/4/10,0.112723529
2020/4/11,-0.19658
2020/4/13,0.138185714
2020/4/14,0.014318182
2020/4/15,0.05779
2020/4/16,0.109451852
2020/4/17,0.221091892
2020/4/18,-0.00745
2020/4/19,0.029346154
2020/4/20,0.0272
2020/4/21,0.143164706
2020/4/22,0.056468
2020/4/23,-0.055488889
2020/4/24,0.087721739
2020/4/25,0.025769231
2020/4/26,0.042988889
2020/4/27,0.102192857
2020/4/28,-0.02620625
2020/4/29,0.037595455
2020/5/1,0.0903
2020/5/2,0.07048
2020/5/3,-0.224055556
2020/5/4,-0.039904545
2020/5/5,0.019121429
2020/5/6,-0.028724
2020/5/7,-0.0408
2020/5/8,-0.053858824
2020/5/9,-0.1909
2020/5/11,-0.03415
2020/5/12,0.09640625
2020/5/14,0.002152381
2020/5/15,-0.112518182
2020/5/16,0.059084615
2020/5/17,0
2020/5/18,0.16466
2020/5/19,-0.047107692
2020/5/20,0.127375
2020/5/21,0.3809
2020/5/22,0.0297
2020/5/23,-0.081975
2020/5/24,-0.120344444
2020/5/25,0.071833333
2020/5/26,-0.211228571
2020/5/27,-0.00901
2020/5/28,0.083458333
2020/5/29,-0.069027778
2020/5/30,-0.1702
2020/5/31,-0.046190909
2020/6/1,-0.208390909
2020/6/2,0.04765
2020/6/3,0.114185714
2020/6/4,0.029342857
2020/6/5,-0.3542
2020/6/6,-0.033966667
2020/6/7,0.39882
2020/6/8,-0.377111111
2020/6/9,0.2869
2020/6/10,-0.079475
2020/6/11,0.104066667
2020/6/12,0.047537838
2020/6/13,0.36985
2020/6/14,0.198866667
2020/6/15,0.137375
2020/6/16,-0.0980875
2020/6/17,-0.00471875
2020/6/18,0.1042
2020/6/19,0.130357143
2020/6/20,-0.076663636
2020/6/21,0
2020/6/22,0.001675
2020/6/23,-0.040341667
2020/6/24,0.1255
2020/6/25,0.03186
2020/6/26,0.045023077
2020/6/27,0.04684
2020/6/28,0.1038875
2020/6/29,-0.024857895
2020/6/30,0.146790625
2020/7/1,0.019095652
2020/7/2,0.146766667
2020/7/3,0.076466667
2020/7/4,-0.079445455
2020/7/5,0
2020/7/6,0.4117
2020/7/7,-0.10305
2020/7/8,0.060676667
2020/7/9,-0.00872
2020/7/10,0.070663158
2020/7/11,0.144255556
2020/7/12,0.008683333
2020/7/13,0.138885714
2020/7/14,0.097775
2020/7/15,-0.042654545
2020/7/16,0.077253125
2020/7/17,0.154714286
2020/7/18,-0.06105
2020/7/19,0
2020/7/20,-0.044272222
2020/7/21,0.040816667
2020/7/22,-0.095426316
2020/7/23,0.085973684
2020/7/24,0.1160125
2020/7/25,0.25054
2020/7/26,0.146228571
2020/7/27,0.210505556
2020/7/28,-0.111514286
2020/7/29,-0.14448
2020/7/30,0.010111111
2020/7/31,-0.0428
2020/8/1,0.1614
2020/8/2,0.099633333
2020/8/3,-0.04234
2020/8/4,0.06404
2020/8/5,-0.161678947
2020/8/6,-0.213821053
2020/8/7,0.080605882
2020/8/8,0.048283333
2020/8/9,0.420828571
2020/8/10,-0.130225
2020/8/11,0.460066667
2020/8/12,0.111672727
2020/8/13,0.132981818
2020/8/14,0.103694286
2020/8/15,0.18296
2020/8/16,0.233133333
2020/8/17,-0.125
2020/8/18,-0.003814286
2020/8/19,0.033846154
2020/8/20,0.278188
2020/8/21,0.250447619
2020/8/22,0.240775
2020/8/23,0.1996625
2020/8/24,-0.062630769
2020/8/25,-0.08757
2020/8/26,-0.104730769
2020/8/27,-0.018058333
2020/8/28,-0.064583333
2020/8/29,-0.5719
2020/8/30,-0.101128571
2020/8/31,0.0903
2020/9/1,0.140383333
2020/9/2,-0.054415217
2020/9/3,-0.020655556
2020/9/4,-0.015311538
2020/9/5,-0.029978571
2020/9/6,-0.052075
2020/9/7,-0.035992857
2020/9/8,0.017289474
2020/9/9,0.033073684
2020/9/10,0.056189286
2020/9/11,0.079645455
2020/9/12,0.311811111
2020/9/13,0.088831818
2020/9/14,-0.013851064
2020/9/15,0.03346
2020/9/16,0.093316667
2020/9/17,0.04459
2020/9/18,-0.198761538
2020/9/19,-0.381725
2020/9/20,0.255566667
2020/9/21,-0.094711111
2020/9/22,-0.3699
2020/9/23,-0.06696
2020/9/24,-0.056755
2020/9/25,0.02948
2020/9/26,-0.007591667
2020/9/27,-0.1432
2020/9/28,-0.018620833
2020/9/29,0
2020/9/30,-0.07034375
2020/10/1,-0.029233333
2020/10/2,-0.212733333
2020/10/3,0.0813
2020/10/4,0.179866667
2020/10/5,-0.234611538
2020/10/6,-0.118785714
2020/10/7,0.20513125
2020/10/8,0.00901
2020/10/9,0.0502375
2020/10/10,-0.066672727
2020/10/11,-0.151825
2020/10/12,-0.112988889
2020/10/13,0.370425
2020/10/14,0.182514286
2020/10/15,0.21202
2020/10/16,-0.069125
2020/10/17,0.02264
2020/10/18,0.2096
2020/10/19,0.089486667
2020/10/20,0.08665
2020/10/21,0.152383333
2020/10/22,0.0028875
2020/10/23,0.425625
2020/10/24,0.02155
2020/10/25,-0.031988889
2020/10/26,0.76115
2020/10/27,0.0526875
2020/10/28,0.050188889
2020/10/29,0.027414286
2020/10/30,0.056522222
2020/10/31,0
2020/11/1,0.279733333
2020/11/2,0.06315
2020/11/3,-0.0646
2020/11/4,0.088344444
2020/11/5,-0.01794
2020/11/8,-0.133966667
2020/11/9,-0.043881818
2020/11/10,0.1019625
2020/11/11,0.0360875
2020/11/13,0
2020/11/15,-0.107966667
2020/11/16,0.046209091
2020/11/17,-0.037538462
2020/11/18,-0.140218519
2020/11/19,0
2020/11/20,0.24412
2020/11/21,0.0772
2020/11/22,0.045985714
2020/11/23,0.174358621
2020/11/24,0.133833333
2020/11/25,-0.142722222
2020/11/26,-0.061470588
2020/11/27,0.071729412
2020/11/28,-0.106142857
2020/11/29,0.111933333
2020/11/30,0.030613043
2020/12/1,-0.031263636
2020/12/2,0.1067625
2020/12/3,-0.023135294
2020/12/4,-0.059221053
2020/12/5,0.093894118
2020/12/6,0.0781125
2020/12/8,-0.1856
2020/12/9,0.009989286
2020/12/10,0.172376923
2020/12/11,0.080566667
2020/12/12,0.278075
2020/12/13,-0.071458333
2020/12/14,-0.044678571
2020/12/15,0.236864286
2020/12/16,-0.0974
2020/12/17,-0.04281875
2020/12/18,0.1180125
2020/12/19,0.282
2020/12/20,0.188466667
2020/12/21,0.0168625
2020/12/22,-0.188766667
2020/12/23,0.129746154
2020/12/24,0.030911111
2020/12/25,-0.3243
2020/12/26,-0.55575
2020/12/27,-0.040733333
2020/12/28,-0.166777778
2020/12/29,0.0867125
2020/12/30,0.1779
2020/12/31,0.08777
2021/1/1,-0.134966667
2021/1/2,0.540225
2021/1/3,0.27975
2021/1/4,-0.026644444
2021/1/5,0.176678571
2021/1/6,-0.0851
2021/1/7,0.00779
2021/1/8,0.18555
2021/1/9,0
2021/1/10,0
2021/1/11,-0.06863
2021/1/12,0.01645
2021/1/13,-0.098220833
2021/1/14,-0.013047059
2021/1/15,-0.047666667
2021/1/16,0.018366667
2021/1/17,0.09765
2021/1/18,0.19265
2021/1/19,-0.039454545
2021/1/20,0.06364
2021/1/21,-0.013296154
2021/1/22,-0.001990323
2021/1/23,-0.118475
2021/1/24,0.05234
2021/1/25,-0.098166667
2021/1/26,-0.011411111
2021/1/27,-0.023155556
2021/1/28,-0.14815
2021/1/29,-0.025876471
2021/1/30,0.072923529
2021/1/31,0.315628571
2021/2/1,-0.13578
2021/2/2,0.04811875
2021/2/3,0.023952941
2021/2/4,0.0240875
2021/2/5,0.122447059
2021/2/6,0.30404
2021/2/7,0.402933333
2021/2/8,-0.03128
2021/2/9,-0.0319875
2021/2/10,0.033466667
2021/2/11,-0.020042857
2021/2/12,0.012185714
2021/2/13,0.16839
2021/2/14,0.36565
2021/2/15,-0.063218182
2021/2/16,-0.073775
2021/2/17,0.044614286
2021/2/18,0.298925
2021/2/19,0.00824
2021/2/20,-0.3849
2021/2/21,-0.0129
2021/2/22,0.116676923
2021/2/23,0.094025
2021/2/24,-0.077414286
2021/2/25,0.08386875
2021/2/26,0.0417625
2021/2/27,0.044522222
2021/2/28,0
2021/3/1,0.137252941
2021/3/2,-0.135775
2021/3/3,0.05102
2021/3/4,-0.004472727
2021/3/5,-0.022007692
2021/3/6,0.27825
2021/3/7,-0.025725
2021/3/8,0.200386667
2021/3/9,0.041725
2021/3/10,-0.116415385
2021/3/11,0.162314286
2021/3/12,0.0270875
2021/3/13,-0.271466667
2021/3/14,0
2021/3/15,-0.050371429
2021/3/16,0.034753333
2021/3/17,-0.038717647
2021/3/19,-0.23045
2021/3/20,-0.083666667
2021/3/21,0
2021/3/22,-0.098166667
2021/3/23,0.106077778
2021/3/24,-0.266366667
2021/3/25,-0.091066667
2021/3/26,-0.00835
2021/3/27,0.025044444
2021/3/28,-0.13935
2021/3/29,-0.066928571
2021/3/30,0.07025
2021/3/31,0.007211765
2021/4/1,-0.154335714
2021/4/2,-0.247707143
2021/4/3,0.224416667
2021/4/5,0.51214
2021/4/6,0.001335714
2021/4/7,0.0718
2021/4/8,-0.143718182
2021/4/9,-0.133425
2021/4/10,-0.105375
2021/4/11,-0.105216667
2021/4/12,0.100428571
2021/4/13,0.4939
2021/4/14,0.064894737
2021/4/15,-0.2732
2021/4/16,-0.1593
2021/4/17,-0.0553
2021/4/18,-0.068166667
2021/4/19,-0.054922222
2021/4/20,-0.11091
2021/4/21,0.176857143
2021/4/22,-0.14149375
2021/4/23,0.002133333
2021/4/24,0.17585
2021/4/25,0.1591
2021/4/26,0.172042857
2021/4/27,-0.008811111
2021/4/28,0.11071
2021/4/29,0.052166667
2021/4/30,-0.02315
2021/5/1,-0.106711111
2021/5/2,0.063325
2021/5/3,-0.228114286
2021/5/4,-0.095477778
2021/5/5,-0.244033333
2021/5/6,-0.007491667
2021/5/7,-0.147157143
2021/5/8,0
2021/5/9,-0.085
2021/5/10,-0.1714
2021/5/11,-0.230266667
2021/5/12,0
2021/5/13,-0.141621429
2021/5/14,-0.227975
2021/5/15,0.0121125
2021/5/16,-0.63485
2021/5/17,-0.025675
2021/5/18,0.46148
2021/5/19,0.037194444
2021/5/20,0.015991667
2021/5/21,-0.0376
2021/5/22,-0.3514
2021/5/23,-0.2294
2021/5/24,-0.257033333
2021/5/25,0.097233333
2021/5/26,0.2481
2021/5/28,-0.0534
2021/5/29,-0.079125
2021/5/31,0.0805
2021/6/1,-0.299575
2021/6/2,0.1015875
2021/6/3,-0.205784615
2021/6/4,0.23514
2021/6/5,-0.5994
2021/6/6,-0.195871429
2021/6/7,-0.1049
2021/6/8,0.11009
2021/6/9,0.29895
2021/6/10,-0.0611
2021/6/11,0
2021/6/12,0.016633333
2021/6/13,-0.42115
2021/6/14,-0.106688889
2021/6/15,0.055733333
2021/6/16,0.430766667
2021/6/17,-0.234453846
2021/6/18,0.2539125
2021/6/20,-0.326566667
2021/6/21,-0.111446154
2021/6/22,0.014057143
2021/6/23,-0.082585714
2021/6/24,0.171192308
2021/6/25,0.019255556
2021/6/26,0.24206
2021/6/27,0
2021/6/28,-0.001033333
2021/6/29,-0.145469231
2021/6/30,-0.28835
2021/7/1,-0.14085
2021/7/2,-0.310825
2021/7/4,0.13185
2021/7/5,0
2021/7/6,-0.02462
2021/7/7,0.132857143
2021/7/8,-0.085063636
2021/7/9,-0.017
2021/7/10,-0.01108
2021/7/11,0.31245
2021/7/12,0.0560875
2021/7/13,0.03734
2021/7/14,0.006942857
2021/7/15,0.10382
2021/7/16,-0.029775
2021/7/17,-0.030266667
2021/7/18,-0.39225
2021/7/19,0.154488889
2021/7/20,0.03
2021/7/21,0.008977778
2021/7/22,0.3931375
2021/7/23,0.166125
2021/7/24,-0.4588
2021/7/25,0.1981
2021/7/26,0.05063
2021/7/27,-0.049892308
2021/7/28,0.066983333
2021/7/29,0.130976923
2021/7/30,0.05
2021/7/31,0.1525625
2021/8/1,0
2021/8/2,0.26495
2021/8/3,0.236325
2021/8/4,-0.001746154
2021/8/5,-0.003909091
2021/8/6,-0.0042
2021/8/8,0
2021/8/9,-0.0856
2021/8/10,0.026566667
2021/8/11,0.0203
2021/8/12,0.03526
2021/8/13,0.7717
2021/8/14,0.1779
2021/8/15,0.2787
2021/8/16,0.0575
2021/8/17,0.148
2021/8/18,0.100475
2021/8/19,-0.105255556
2021/8/20,0.17656
2021/8/22,0.0863
2021/8/23,-0.068618182
2021/8/24,-0.0792875
2021/8/25,0.03562
2021/8/26,0.0890125
2021/8/27,0
2021/8/28,0.20642
2021/8/29,0.19722
2021/8/30,0.170414286
2021/8/31,0.066664286
2021/9/1,0.055245455
2021/9/2,0.252221429
2021/9/3,0.115342857
2021/9/4,0
2021/9/5,0.164633333
2021/9/6,0.09878
2021/9/7,0
2021/9/8,-0.2346
2021/9/10,-0.08686
2021/9/11,0
2021/9/12,0.127933333
2021/9/13,0.259066667
2021/9/14,0.053846154
2021/9/15,-0.018222222
2021/9/16,0.333766667
2021/9/17,-0.067366667
2021/9/18,0
2021/9/19,0
2021/9/21,0.240171429
2021/9/22,0.042917391
2021/9/23,0.10105
2021/9/24,0.00937
2021/9/25,0.10615
2021/9/26,-0.016722222
2021/9/27,0.03595
2021/9/28,-0.159225
2021/9/29,0.127875
2021/9/30,0.121811765
2021/10/1,0.068
2021/10/3,0
2021/10/4,0.110432258
2021/10/5,0.087296154
2021/10/6,-0.056133333
2021/10/7,0.026661538
2021/10/8,0.028
2021/10/9,0.24335
2021/10/10,0.004285714
2021/10/11,0.121810526
2021/10/12,-0.121496667
2021/10/13,0.081327273
2021/10/14,-0.0567
2021/10/15,0.041396
2021/10/16,0.025842857
2021/10/17,0.061675
2021/10/18,-0.022
2021/10/19,-0.07878
2021/10/20,0.033014286
2021/10/21,-0.132505882
2021/10/22,0.019465
2021/10/23,-0.242727273
2021/10/24,-0.031425
2021/10/26,0.201071429
2021/10/27,0.009636364
2021/10/28,0.02245
2021/10/29,0.100711111
2021/10/30,-0.28596
2021/10/31,-0.400883333
2021/11/1,-0.095677778
2021/11/2,-0.012948276
2021/11/3,0.044475
2021/11/4,-0.066983333
2021/11/5,0.002571429
2021/11/6,-0.009428571
2021/11/7,0.08078
2021/11/8,-0.032383333
2021/11/9,-0.096725
2021/11/10,0.04418
2021/11/11,-0.081738462
2021/11/12,-0.094853333
2021/11/13,0
2021/11/14,0.297666667
2021/11/15,-0.071155556
2021/11/16,-0.17053125
2021/11/17,-0.08582
2021/11/18,0.054696296
2021/11/19,-0.14545
2021/11/20,0
2021/11/21,-0.0592
2021/11/22,-0.168344444
2021/11/23,-0.119931818
2021/11/24,0
2021/11/25,-0.259866667
2021/11/26,-0.27786
2021/11/27,-0.17322
2021/11/28,0
2021/11/29,0.377133333
2021/11/30,0.257233333
2021/12/1,-0.00543
2021/12/2,0.0929
2021/12/3,-0.12579
2021/12/4,-0.3402
2021/12/5,-0.01032
2021/12/6,0.03575
2021/12/7,0.143128571
2021/12/8,0.0087125
2021/12/9,0.283966667
2021/12/10,0.30358
2021/12/11,0.24456
2021/12/12,0
2021/12/13,-0.056666667
2021/12/14,0.012094118
2021/12/15,0.06655
2021/12/16,-0.0916
2021/12/17,-0.097244444
2021/12/18,0
2021/12/20,-0.2179
2021/12/22,0.09878
2021/12/23,0
2021/12/24,0
2021/12/26,-0.01385
2021/12/27,0.23712
2021/12/28,-0.321325
2021/12/29,-0.287571429
2021/12/30,-0.08038
2021/12/31,-0.199866667
2022/1/1,0
2022/1/2,-0.328
2022/1/3,0.24115
2022/1/4,-0.03975
2022/1/5,-0.004916667
2022/1/7,-0.086971429
2022/1/8,0.1101
2022/1/9,-0.3548
2022/1/10,0.025416667
2022/1/11,-0.0716
2022/1/12,-0.05372
2022/1/13,0.06645
2022/1/14,-0.032977778
2022/1/15,-0.048933333
2022/1/17,-0.077033333
2022/1/18,-0.1483
2022/1/19,-0.017606667
2022/1/20,0.121683333
2022/1/21,-0.0297
2022/1/22,0.261171429
2022/1/23,0.0403
2022/1/24,0.14402
2022/1/25,0.032163636
2022/1/26,0.2637
2022/1/27,0.09248
2022/1/28,0.10615
2022/1/29,-0.01205
2022/1/30,-0.150866667
2022/1/31,-0.0443
2022/2/1,-0.078114286
2022/2/2,0.02992
2022/2/3,-0.10417
2022/2/4,-0.03155625
2022/2/5,0.31418
2022/2/6,0.09465
2022/2/7,0.031206667
2022/2/8,0.088988235
2022/2/9,-0.01411875
2022/2/10,-0.034433333
2022/2/11,-0.067166667
2022/2/12,0.091745455
2022/2/13,-0.068185714
2022/2/14,0.079781818
2022/2/15,-0.061683333
2022/2/16,0.01436
2022/2/17,0.11295
2022/2/18,-0.049888235
2022/2/19,0.118257143
2022/2/21,-0.0562
2022/2/22,-0.142013333
2022/2/23,-0.008355556
2022/2/24,-0.0135
2022/2/25,0.0222
2022/2/26,0.050575
2022/2/27,0.2083
2022/2/28,-0.1598
2022/3/1,0.194484615
2022/3/2,0.14251
2022/3/3,-0.074183333
2022/3/4,-0.116385714
2022/3/5,0.051222222
2022/3/6,-0.18041
2022/3/7,-0.147581818
2022/3/8,0.136514286
2022/3/9,-0.148583333
2022/3/10,0.152545455
2022/3/11,0.246766667
2022/3/12,0.155516667
2022/3/13,-0.08225
2022/3/14,-0.131346154
2022/3/15,0.065208333
2022/3/16,0.125885714
2022/3/17,0.045216129
2022/3/18,-0.08792
2022/3/19,-0.154957143
2022/3/20,0.104785714
2022/3/22,-0.0985
2022/3/23,-0.032675
2022/3/24,0.042214286
2022/3/25,0.199845455
2022/3/26,0.33535
2022/3/27,0.116777778
2022/3/28,0.228716667
2022/3/29,0.091483333
2022/3/30,-0.18568
2022/3/31,0.202566667
2022/4/1,0.092881818
2022/4/3,-0.135633333
2022/4/4,0
2022/4/5,0.047011111
2022/4/6,-0.0037
2022/4/7,0.099075
2022/4/8,-0.073933333
2022/4/9,0.118366667
2022/4/10,-0.24695
2022/4/11,0.176116667
2022/4/12,0.164633333
2022/4/13,-0.123321429
2022/4/14,-0.061853333
2022/4/15,0.053971429
2022/4/16,0
2022/4/17,0.074
2022/4/18,-0.203628571
2022/4/19,-0.311288235
2022/4/20,-0.134888889
2022/4/21,0.002277778
2022/4/22,0
2022/4/23,0.2439
2022/4/24,0.21624
2022/4/25,0.094838462
2022/4/26,0.037076923
2022/4/27,-0.072333333
2022/4/28,0.1218
2022/4/29,0.053033333
2022/4/30,-0.0276
2022/5/1,-0.038944444
2022/5/2,-0.11248
2022/5/3,-0.167145
2022/5/4,-0.07794
2022/5/5,-0.050209091
2022/5/6,-0.08818
2022/5/7,0.253842857
2022/5/8,-0.0683
2022/5/9,-0.1444
2022/5/10,0.0213
2022/5/11,0.122221212
2022/5/12,0.0663
2022/5/13,0.137294444
2022/5/14,0.032457143
2022/5/15,0.1035
2022/5/16,0.011193333
2022/5/17,-0.031347059
2022/5/18,0
2022/5/19,0.038415789
2022/5/20,-0.1026375
2022/5/21,-0.174666667
2022/5/22,-0.11166
2022/5/23,0.128683333
2022/5/24,0.114109091
2022/5/25,0.090628571
2022/5/26,0.0924
2022/5/27,0.090925
2022/5/28,-0.026615385
2022/5/29,0.1779
2022/5/30,0.017733333
2022/5/31,0.055895
2022/6/1,0.21055
2022/6/2,0.18968
2022/6/3,-0.310633333
2022/6/5,0.167425
2022/6/6,-0.07096
2022/6/7,-0.05055
2022/6/8,0.18594
2022/6/9,0.089183333
2022/6/10,0.181542857
2022/6/11,0.2732
2022/6/12,-0.18725
2022/6/13,0.017092308
2022/6/14,0.115254545
2022/6/15,0.1181
2022/6/16,-0.1103
2022/6/17,0.126566667
2022/6/18,-0.3972
2022/6/19,-0.426933333
2022/6/20,-0.231408333
2022/6/22,-0.27798
2022/6/23,0.05272
2022/6/24,0.070371429
2022/6/25,0.20438
2022/6/26,0.6249
2022/6/27,0.0851
2022/6/28,0.1116375
2022/6/29,0.149228571
2022/6/30,0.148028571
2022/7/1,0.007325
2022/7/2,0.242033333
2022/7/3,0
2022/7/4,-0.1204
2022/7/5,0.123014286
2022/7/6,0.158122222
2022/7/7,-0.073681818
2022/7/8,0.089805882
2022/7/9,-0.247466667
2022/7/10,-0.152025
2022/7/11,-0.145983333
2022/7/12,0.045622222
2022/7/13,-0.06105625
2022/7/14,0.053188
2022/7/15,-0.000468421
2022/7/16,0.0245
2022/7/17,-0.026518182
2022/7/18,0.332633333
2022/7/19,0.042186047
2022/7/20,0.100711111
2022/7/21,-0.000641667
2022/7/22,0.06575
2022/7/23,-0.1078
2022/7/24,0
2022/7/25,0.07125
2022/7/26,0.25135
2022/7/27,-0.067433333
2022/7/28,-0.1185
2022/7/29,-0.005763636
2022/7/30,0.06599
2022/7/31,-0.23835
2022/8/1,-0.104617647
2022/8/2,-0.1352625
2022/8/3,-0.0428375
2022/8/4,-0.1772
2022/8/5,0.0617375
2022/8/6,-0.0282
2022/8/8,-0.22862
2022/8/9,-0.104609091
2022/8/10,-0.092033333
2022/8/11,0.022325
2022/8/12,0.09551
2022/8/13,-0.336333333
2022/8/14,-0.296
2022/8/15,0.139242857
2022/8/16,-0.10512
2022/8/17,0.00106
2022/8/18,0.022066667
2022/8/19,-0.0717
2022/8/20,0.058363636
2022/8/21,-0.33485
2022/8/22,0.1806
2022/8/23,0
2022/8/24,0.04605
2022/8/25,-0.147918182
2022/8/26,-0.242672727
2022/8/27,0.04102
2022/8/28,-0.035433333
2022/8/29,0.2072
2022/8/30,-0.123266667
2022/8/31,0.071685
2022/9/1,0.083146154
2022/9/2,0.10125
2022/9/3,0.035075
2022/9/4,0.17045
2022/9/5,-0.069616667
2022/9/6,-0.115953333
2022/9/7,0
2022/9/8,0.041583333
2022/9/9,-0.135288235
2022/9/10,-0.19975
2022/9/11,0
2022/9/12,0.286875
2022/9/13,0
2022/9/14,0.017775
2022/9/15,-0.1198625
2022/9/16,-0.150190909
2022/9/17,0
2022/9/18,0.0994
2022/9/19,-0.216375
2022/9/20,-0.0504
2022/9/21,-0.0342375
2022/9/22,-0.081861538
2022/9/23,-0.08383
2022/9/24,-0.11567
2022/9/25,0.070411765
2022/9/26,-0.063930435
2022/9/27,-0.045252632
2022/9/28,-0.036682353
2022/9/29,-0.142464286
2022/9/30,0.0673875
2022/10/1,0.0256
2022/10/2,-0.22315
2022/10/3,0.08983
2022/10/4,0.1611
2022/10/5,-0.178669565
2022/10/6,0.0593
2022/10/7,-0.050322222
2022/10/8,0.001838462
2022/10/9,0.296
2022/10/10,-0.223123077
2022/10/11,-0.19808
2022/10/12,-0.06858
2022/10/13,0.1411875
2022/10/14,-0.030790909
2022/10/15,0.08575
2022/10/16,-0.034633333
2022/10/17,-0.080522222
2022/10/18,0.061870833
2022/10/19,0.094116667
2022/10/20,-0.06695
2022/10/21,0.032852
2022/10/22,-0.24545
2022/10/23,-0.2382
2022/10/24,0.11175
2022/10/25,-0.195566667
2022/10/26,0.16384
2022/10/27,0.116563636
2022/10/28,-0.071604167
2022/10/29,-0.2093
2022/10/30,0.0903
2022/10/31,0.08207
2022/11/1,0.23039
2022/11/2,0.155876923
2022/11/3,0.095458333
2022/11/4,-0.0826
2022/11/5,-0.034675
2022/11/6,-0.017133333
2022/11/7,-0.003582353
2022/11/8,-0.244020833
2022/11/9,-0.027466667
2022/11/11,-0.2063
2022/11/12,-0.175083333
2022/11/13,0.0741
2022/11/14,0.037153846
2022/11/15,0.323816667
2022/11/16,-0.02414
2022/11/17,-0.05163125
2022/11/18,-0.0036
2022/11/19,0.029475
2022/11/21,0.07837
2022/11/22,0.098694444
2022/11/23,0.113333333
2022/11/24,0.01082
2022/11/25,-0.048716667
2022/11/27,-0.22246
2022/11/28,0.0973
2022/11/29,-0.14742
2022/11/30,-0.14318125
2022/12/1,-0.0066
2022/12/2,0.0186
2022/12/3,-0.2071
2022/12/4,-0.214733333
2022/12/5,-0.15213125
2022/12/6,-0.28234
2022/12/7,-0.251065385
2022/12/8,-0.068702778
2022/12/9,-0.166725806
2022/12/10,-0.05556
2022/12/11,-0.019927273
2022/12/12,-0.0854
2022/12/13,-0.2065
2022/12/14,-0.10808
2022/12/15,-0.121995455
2022/12/16,-0.070322727
2022/12/17,0.2016
2022/12/18,-0.024457143
2022/12/19,0.030418182
2022/12/20,-0.071294118
2022/12/21,0.03248
2022/12/22,0.034293333
2022/12/23,0.178066667
2022/12/24,-0.13875
2022/12/25,0.198828571
2022/12/26,0.011866667
2022/12/27,0.083333333
2022/12/28,-0.13563
2022/12/29,-0.04805
2022/12/30,0.050575
2022/12/31,-0.098866667
2023/1/1,0
2023/1/2,-0.11955
2023/1/3,-0.08963125
2023/1/4,0.070071429
2023/1/5,-0.099890909
2023/1/6,-0.05135
2023/1/7,-0.112433333
2023/1/8,0
2023/1/9,0.121633333
2023/1/10,-0.043666667
2023/1/11,0.105490909
2023/1/12,-0.00675
2023/1/13,-0.150928571
2023/1/14,0.10515
2023/1/15,0.11315
2023/1/16,-0.092142857
2023/1/17,0.06743
2023/1/18,-0.001546154
2023/1/19,0.10085625
2023/1/20,0.001511111
2023/1/21,0.008054545
2023/1/22,-0.0419125
2023/1/23,-0.02755
2023/1/24,-0.1339
2023/1/25,-0.076175
2023/1/26,0.021333333
2023/1/27,0.025475
2023/1/29,0
2023/1/30,0.1760125
2023/1/31,0.0414
2023/2/2,-0.03965
2023/2/3,0
2023/2/4,-0.12828
2023/2/5,0
2023/2/6,-0.152377778
2023/2/7,0.0184
2023/2/8,0.212533333
2023/2/9,0.096742857
2023/2/10,0.142375
2023/2/11,0.13298
2023/2/13,-0.0751
2023/2/14,0.11055
2023/2/15,0.321775
2023/2/16,-0.119518182
2023/2/17,0.05851
2023/2/18,0.19125
2023/2/19,-0.0366
2023/2/20,-0.052925
2023/2/21,-0.040207692
2023/2/22,0.017983333
2023/2/23,-0.166106667
2023/2/24,-0.112658333
2023/2/25,-0.132775
2023/2/26,-0.07655
2023/2/27,-0.037175
2023/2/28,0
2023/3/1,0.014809091
2023/3/2,0.048371429
2023/3/3,-0.0231
2023/3/4,0.0432
2023/3/5,-0.259027273
2023/3/6,0.0275
2023/3/7,-0.073755556
2023/3/8,0.07285
2023/3/9,-0.010108333
2023/3/10,0.08168
2023/3/11,0.02174
2023/3/12,0.1591
2023/3/13,-0.0416
2023/3/14,-0.7579
2023/3/16,0
2023/3/17,-0.015783333
2023/3/18,0.069016667
2023/3/19,0.01585
2023/3/20,0.1006
2023/3/21,0.240928571
2023/3/22,0.2061
2023/3/24,0.071133333
2023/3/25,0.21526
2023/3/26,-0.183266667
2023/3/27,-0.45595
2023/3/28,-0.1784
2023/3/29,-0.6808
2023/3/30,0.16775
2023/3/31,-0.54025
2023/4/2,-0.248425
2023/4/3,-0.014215385
2023/4/4,0.234866667
2023/4/5,0.1655625
2023/4/6,-0.22444
2023/4/7,0.046725
2023/4/8,-0.1028
2023/4/10,0.06534
2023/4/11,0.17883
2023/4/12,0.074785714
2023/4/13,0.0538
2023/4/14,0.102044444
2023/4/15,0.4215
2023/4/16,0
2023/4/17,0.068994737
2023/4/18,-0.067342857
2023/4/19,0.037914286
2023/4/20,-0.0978125
2023/4/21,-0.038882143
2023/4/22,-0.027078571
2023/4/23,0
2023/4/24,0
2023/4/25,-0.029531579
2023/4/26,0.063557895
2023/4/27,0.066453333
2023/4/28,0.111157895
2023/4/29,-0.118777778
2023/4/30,0.25
2023/5/1,-0.094836364
2023/5/2,0.017892308
2023/5/3,0.030033333
2023/5/4,0.056655556
2023/5/5,0.1126
2023/5/6,0.09414
2023/5/7,0.04476
2023/5/8,-0.2214
2023/5/9,-0.0501625
2023/5/10,-0.070286364
2023/5/11,-0.064977778
2023/5/12,-0.040171429
2023/5/13,-0.20864
2023/5/14,-0.1982375
2023/5/15,0.061763158
2023/5/16,-0.018235135
2023/5/17,-0.05454
2023/5/18,-0.240371429
2023/5/19,-0.06305
2023/5/20,-0.135885714
2023/5/22,0.0895
2023/5/23,0.216657692
2023/5/24,-0.085966667
2023/5/25,0.002708696
2023/5/26,0.190607692
2023/5/27,0.048171429
2023/5/28,0.00648
2023/5/29,0.535875
2023/5/30,0
2023/6/1,-0.013533333
2023/6/2,-0.18363
2023/6/3,0.1135
2023/6/4,-0.101533333
2023/6/5,-0.1748
2023/6/6,-0.38525
2023/6/7,0.05805
2023/6/8,0.09144
2023/6/9,0.160214286
2023/6/10,0.419964706
2023/6/11,-0.093566667
2023/6/12,0.015090909
2023/6/13,0.352066667
2023/6/14,0.12942
2023/6/15,0.05187
2023/6/16,0.060275
2023/6/17,-0.128616667
2023/6/18,0.0205
2023/6/19,0.067826316
2023/6/20,-0.100361905
2023/6/21,0.091092308
2023/6/22,-0.146107692
2023/6/23,0.129127273
2023/6/24,0.207933333
2023/6/25,0.194416667
2023/6/26,0.112442105
2023/6/27,-0.088986364
2023/6/28,0.0624375
2023/6/29,0.018628571
2023/6/30,-0.16542
2023/7/1,-0.148
2023/7/2,-0.040433333
2023/7/3,-0.06375
2023/7/4,0.095628571
2023/7/5,0.10615
2023/7/6,-0.06141
2023/7/7,-0.0211
2023/7/8,-0.404333333
2023/7/9,-0.36985
2023/7/10,0.31845
2023/7/11,-0.11932
2023/7/12,0.34735
2023/7/13,0.060654545
2023/7/14,-0.053125
2023/7/15,0.260625
2023/7/16,-0.2286
2023/7/17,0.19145
2023/7/18,0.10178
2023/7/19,0.2001375
2023/7/20,0.1352625
2023/7/21,0.0118125
2023/7/22,0.09542
2023/7/23,0
2023/7/24,0.04861
2023/7/25,-0.056664286
2023/7/26,-0.019557143
2023/7/27,0.017485714
2023/7/28,0
2023/7/29,-0.01265
2023/7/30,-0.019533333
2023/7/31,0.144775
2023/8/1,0.406375
2023/8/2,0.188514286
2023/8/3,0.2458625
2023/8/5,0.127225
2023/8/6,0.5574
2023/8/7,-0.110608333
2023/8/8,-0.123475
2023/8/9,-0.052833333
2023/8/10,0.092236842
2023/8/11,0.119276471
2023/8/12,-0.007266667
2023/8/13,0
2023/8/14,0.03575
2023/8/15,0.072416667
2023/8/16,0.007
2023/8/17,0.039726667
2023/8/18,-0.063055556
2023/8/19,0.312371429
2023/8/20,0
2023/8/21,-0.245366667
2023/8/22,-0.0527
2023/8/23,-0.0318
2023/8/24,0.08895
2023/8/25,0.004330769
2023/8/26,0.1022
2023/8/28,0
2023/8/29,0.095238462
2023/8/30,0.066510714
2023/8/31,0.038645455
2023/9/1,-0.0602
2023/9/2,0.09304
2023/9/3,-0.4806
2023/9/4,0.046745455
2023/9/5,-0.018411765
2023/9/6,0.17714
2023/9/7,-0.18646
2023/9/8,0.059533333
2023/9/9,-0.01596
2023/9/10,0.138433333
2023/9/11,0.03452
2023/9/12,-0.1213
2023/9/13,0.23835
2023/9/14,0.11648
2023/9/15,-0.6392
2023/9/16,0.4764
2023/9/17,0.1831875
2023/9/18,-0.2553
2023/9/19,-0.093845455
2023/9/20,-0.1505375
2023/9/21,-0.02748
2023/9/22,-0.144766667
2023/9/23,-0.130571429
2023/9/25,-0.230175
2023/9/26,-0.06576
2023/9/27,-0.0265
2023/9/28,-0.095953846
2023/9/29,0.2173
2023/9/30,0.21075
2023/10/1,0
2023/10/2,-0.12248
2023/10/3,-0.100592308
2023/10/4,0.024888235
2023/10/5,0.065233333
2023/10/6,0.014159091
2023/10/7,-0.042477778
2023/10/8,0.219
2023/10/9,0.43125
2023/10/11,-0.066983333
2023/10/12,0.196125
2023/10/13,-0.110383333
2023/10/14,-0.0396
2023/10/15,0.00074
2023/10/16,0.176728571
2023/10/17,-0.021081818
2023/10/18,0.00863125
2023/10/19,0.011018919
2023/10/20,-0.065092857
2023/10/21,-0.30948
2023/10/22,0.011
2023/10/23,0.01541
2023/10/24,0.25768
2023/10/25,-0.1787
2023/10/26,0.109136364
2023/10/27,0.020883333
2023/10/28,-0.1765
2023/10/29,-0.293466667
2023/10/30,0.085366667
2023/10/31,0.04104
2023/11/1,-0.219471429
2023/11/2,0.2454
2023/11/3,-0.144466667
2023/11/4,-0.5423
2023/11/5,0.006263636
2023/11/6,-0.061561538
2023/11/7,-0.171511765
2023/11/8,-0.2146125
2023/11/9,-0.000653846
2023/11/10,0.1512
2023/11/12,-0.169363636
2023/11/13,-0.139733333
2023/11/14,0.222463636
2023/11/15,0.017815385
2023/11/16,0.1253375
2023/11/17,0.005183333
2023/11/18,-0.005075
2023/11/19,-0.125
2023/11/20,0
2023/11/21,0.157525
2023/11/22,0.073966667
2023/11/23,0.190633333
2023/11/24,0.032490909
2023/11/25,0.28595
2023/11/26,0.4215
2023/11/27,0.14835
2023/11/28,0.051123077
2023/11/29,0.0324
2023/11/30,0.0477
2023/12/1,0.214088889
2023/12/2,0.094325
2023/12/3,-0.1589
2023/12/4,0.016172727
2023/12/5,0.024946154
2023/12/6,0.20095
2023/12/7,0.008521053
2023/12/8,-0.25355
2023/12/9,0.178427273
2023/12/10,-0.236975
2023/12/11,-0.05403
2023/12/12,-0.092992308
2023/12/13,-0.048508696
2023/12/14,-0.217641667
2023/12/15,-0.075368571
2023/12/16,0.009742857
2023/12/17,-0.138475
2023/12/18,0.193933333
2023/12/19,0.108826087
2023/12/20,-0.019953846
2023/12/21,0.18225
2023/12/22,0.103792308
2023/12/23,0.3182
2023/12/24,-0.4404
2023/12/26,0.033775
2023/12/27,0.1662
2023/12/28,-0.5423
2023/12/29,-0.08506
2023/12/30,0.50155
2023/12/31,-0.101216667
2024/1/1,0.3912
2024/1/2,-0.057123077
2024/1/3,-0.07095
2024/1/4,-0.2208
2024/1/5,0.006177778
2024/1/6,0.329136364
2024/1/7,-0.0304625
2024/1/8,-0.212335714
2024/1/9,-0.101683333
2024/1/10,0.031807143
2024/1/11,-0.107283333
2024/1/12,-0.0747
2024/1/13,0.087357143
2024/1/14,-0.251125
2024/1/15,-0.132688889
2024/1/16,-0.005392308
2024/1/17,0.019157143
2024/1/18,-0.041515
2024/1/19,0.04068
2024/1/20,0
2024/1/21,-0.5629
2024/1/22,-0.001857143
2024/1/23,0.028611111
2024/1/24,-0.032
2024/1/25,0.060371429
2024/1/26,-0.146314286
2024/1/27,0.041945455
2024/1/28,-0.374775
2024/1/29,-0.089086667
2024/1/30,0.106028571
2024/1/31,0.014208333
2024/2/1,0
2024/2/2,0.175458824
2024/2/3,0.1082
2024/2/4,0.170233333
2024/2/5,-0.2889
2024/2/6,0.08774
2024/2/7,0.231416667
2024/2/8,0.0367125
2024/2/9,-0.064
2024/2/10,-0.245033333
2024/2/11,0.4246
2024/2/12,0.05039
2024/2/13,-0.0227
2024/2/14,-0.22028
2024/2/15,0.065792308
2024/2/16,-0.112166667
2024/2/17,-0.01915
2024/2/18,0.260916667
2024/2/19,0.191
2024/2/20,0.1591
2024/2/21,-0.142988889
2024/2/22,0.005008696
2024/2/23,-0.071246667
2024/2/24,-0.262875
2024/2/25,-0.108055556
2024/2/26,-0.02818125
2024/2/27,-0.047952941
2024/2/28,0.1806
2024/2/29,0.287583333
2024/3/1,0.0754
2024/3/2,0.0483
2024/3/3,0.2123
2024/3/4,-0.208725
2024/3/5,0.010927778
2024/3/6,0.189475
2024/3/7,-0.2553
2024/3/8,0.157733333
2024/3/9,0.233775
2024/3/10,-0.11434
2024/3/11,0.078242857
2024/3/12,-0.12227
2024/3/13,0.024442857
2024/3/14,-0.039146154
2024/3/15,0.041016667
2024/3/16,-0.2282
2024/3/18,0.024746154
2024/3/19,-0.086445
2024/3/20,-0.041688235
2024/3/21,0.141357143
2024/3/22,0.17575
2024/3/23,-0.17115
2024/3/24,0.42655
2024/3/25,-0.071469231
2024/3/26,-0.431466667
2024/3/27,0.01228
2024/3/28,-0.03324
2024/3/30,0.080272727
2024/3/31,0.1211
2024/4/1,0.23693
2024/4/2,0.1977
2024/4/3,-0.112403846
2024/4/4,-0.007618519
2024/4/5,0.077567442
2024/4/6,0.27472
2024/4/7,0.021871429
2024/4/8,0.140675
2024/4/9,0.002822727
2024/4/10,-0.216638889
2024/4/11,-0.319175
2024/4/12,0.060177778
2024/4/13,0.22424
2024/4/14,0.20374
2024/4/15,-0.2442
2024/4/16,0.085075
2024/4/17,-0.053233333
2024/4/18,0.070427778
2024/4/19,-0.02983
2024/4/20,-0.0799
2024/4/21,0.123288889
2024/4/22,-0.220416667
2024/4/23,-0.040114286
2024/4/24,-0.010269231
2024/4/25,-0.00195
2024/4/26,-0.011026667
2024/4/27,0
2024/4/28,0.2973
2024/4/29,0.165925
2024/4/30,-0.041278571
2024/5/1,0.181676923
2024/5/2,0.005333333
2024/5/3,0.205791667
2024/5/4,0.193614286
2024/5/5,-0.0054875
2024/5/6,0.025773333
2024/5/7,0.046366667
2024/5/8,0.110557143
2024/5/9,-0.00548
2024/5/10,-0.233433333
2024/5/11,0.077214286
2024/5/12,0.10195
2024/5/13,0.1291375
2024/5/14,0.007264706
2024/5/15,-0.064428571
2024/5/16,-0.120683333
2024/5/17,0
2024/5/18,-0.097033333
2024/5/19,-0.088514286
2024/5/20,0.1006
2024/5/21,0.0557
2024/5/22,-0.07811875
2024/5/23,-0.214866667
2024/5/25,-0.2387625
2024/5/27,0.06286
2024/5/28,0.0920875
2024/5/29,0.020510526
2024/5/30,0.048483333
2024/5/31,-0.01005
2024/6/1,0.03895
2024/6/2,0.20325
2024/6/3,0.196707692
2024/6/4,0.069494118
2024/6/5,-0.036560606
2024/6/6,-0.248265385
2024/6/7,-0.022002857
2024/6/8,-0.069473333
2024/6/9,0.3291
2024/6/10,-0.086875
2024/6/11,-0.043011111
2024/6/12,-0.088741667
2024/6/13,-0.140568421
2024/6/14,0.1515875
2024/6/15,-0.05
2024/6/16,-0.12115
2024/6/17,0.017381818
2024/6/18,-0.03465
2024/6/19,0.18185
2024/6/20,0.1806
2024/6/21,-0.0118
2024/6/22,0.13718
2024/6/23,0.0107
2024/6/24,0.021842857
2024/6/25,-0.169916667
2024/6/26,0.14863
2024/6/27,0.13311875
2024/6/28,0.111085714
2024/6/29,-0.24535
2024/6/30,0.22898
2024/7/1,-0.110414286
2024/7/2,-0.033585714
2024/7/3,0.14742
2024/7/4,-0.018958333
2024/7/5,-0.156552941
2024/7/6,-0.3609
2024/7/7,0.09242
2024/7/8,-0.5399
2024/7/9,0.140833333
2024/7/10,0.156211111
2024/7/11,0.065128571
2024/7/12,0.052333333
2024/7/13,0.25695
2024/7/14,-0.125
2024/7/15,0.0201
2024/7/16,-0.117233333
2024/7/17,0.119092308
2024/7/18,-0.03376875
2024/7/19,0.0619375
2024/7/20,0.070375
2024/7/21,0.122028571
2024/7/23,-0.021871429
2024/7/24,-0.160077778
2024/7/25,-0.015552381
2024/7/26,-0.02706
2024/7/27,0.6369
2024/7/28,-0.08895
2024/7/29,0.058575
2024/7/30,0.041236364
2024/7/31,-0.017
2024/8/1,0.03406
2024/8/2,-0.01665
2024/8/3,0.015428571
2024/8/4,0.4243
2024/8/5,0.070325
2024/8/6,-0.0972
2024/8/7,-0.019371429
2024/8/8,0.292866667
2024/8/9,0.061866667
2024/8/10,-0.6908
2024/8/11,0.025733333
2024/8/12,-0.031127273
2024/8/13,-0.184677778
2024/8/14,-0.004616667
2024/8/15,0.4568
2024/8/16,0.077344444
2024/8/17,-0.162485714
2024/8/18,0.054457143
2024/8/19,-0.07185
2024/8/20,-0.020452941
2024/8/21,0.027972727
2024/8/22,-0.053776471
2024/8/23,0.08513
2024/8/24,0.181771429
2024/8/25,-0.182985714
2024/8/26,-0.01619
2024/8/27,-0.021488889
2024/8/28,-0.041463158
2024/8/29,-0.034237037
2024/8/30,-0.00916
2024/8/31,0.0627
2024/9/1,0.02202
2024/9/2,-0.097168627
2024/9/3,-0.0419
2024/9/4,-0.083096774
2024/9/5,0.040945455
2024/9/6,-0.05045
2024/9/7,0.175254545
2024/9/8,-0.6908
2024/9/9,-0.2356
2024/9/10,0.03265
2024/9/11,0.017261538
2024/9/12,-0.221777778
2024/9/13,0
2024/9/14,0.041524
2024/9/15,0.2699
2024/9/16,-0.02558
2024/9/17,0.0986
2024/9/18,-0.1027
2024/9/19,-0.147705882
2024/9/20,-0.087440909
2024/9/21,-0.1862
2024/9/22,0.072416667
2024/9/23,-0.177788235
2024/9/24,-0.023381481
2024/9/25,-0.023854545
2024/9/26,-0.09518
2024/9/27,-0.065064706
2024/9/28,-0.03055
2024/9/29,0.0685
2024/9/30,-0.009972414
2024/10/1,-0.101975
2024/10/2,0.11276875
2024/10/3,-0.086445455
2024/10/4,-0.21748
2024/10/5,-0.17875
2024/10/6,0.353575
2024/10/7,-0.1523
2024/10/8,0.1957375
2024/10/9,0.045954545
2024/10/10,-0.040552632
2024/10/11,0.128252632
2024/10/12,-0.11326
2024/10/13,0.128
2024/10/14,-0.097325
2024/10/15,0.17665
2024/10/16,0.249335294
2024/10/17,0.073415385
2024/10/18,0.118058333
2024/10/19,0.09408
2024/10/20,-0.4215
2024/10/21,0.117085714
2024/10/22,0.106122222
2024/10/23,-0.006566667
2024/10/24,-0.1512125
2024/10/25,0.429033333
2024/10/26,-0.0119
2024/10/27,0.040566667
2024/10/28,0.020875
2024/10/29,0.117486667
2024/10/30,0
2024/10/31,0.103947368
2024/11/1,-0.048155556
2024/11/2,0.201718182
2024/11/4,0.200190909
2024/11/5,-0.264307692
2024/11/6,-0.200529167
2024/11/7,-0.072075
2024/11/8,-0.07355
2024/11/9,0.046772727
2024/11/10,-0.054933333
2024/11/11,0.1382
2024/11/12,0.137244444
2024/11/13,0.2151125
2024/11/15,0.11845
2024/11/16,-0.119928571
2024/11/17,0.105375
2024/11/18,0.0365
2024/11/19,-0.146475
2024/11/20,0.062605882
2024/11/21,0.23659375
2024/11/22,0.12009375
2024/11/23,0.012442857
2024/11/24,-0.102116667
2024/11/25,-0.6908
2024/11/26,-0.079226667
2024/11/27,-0.121003226
2024/11/28,-0.152271429
2024/11/29,-0.022878571
2024/11/30,-0.483966667
2024/12/1,0.079133333
2024/12/2,-0.351885714
2024/12/3,0
2024/12/4,-0.01608
2024/12/5,0.0388
2024/12/6,-0.042285714
2024/12/7,-0.044135294
2024/12/8,0.204466667
2024/12/9,-0.164086667
